obs_1,obs_Netatmo Welcome
obs_2,obs_TP-Link Day Night Cloud camera
obs_3,obs_TPLink Router Bridge LAN (Gateway)
obs_4,obs_SmartThings
obs_5,obs_TPLink Router Bridge LAN (Gateway)
obs_6,obs_TPLink Router Bridge LAN (Gateway)
obs_7,obs_Dropcam
obs_8,obs_TPLink Router Bridge LAN (Gateway)
obs_9,obs_Netatmo weather station
obs_10,obs_Netatmo weather station
obs_11,obs_Netatmo weather station
obs_12,obs_Netatmo weather station
obs_13,obs_Netatmo weather station
obs_14,obs_TPLink Router Bridge LAN (Gateway)
obs_15,obs_TPLink Router Bridge LAN (Gateway)
obs_16,obs_Triby Speaker
obs_17,obs_TPLink Router Bridge LAN (Gateway)
obs_18,obs_Withings Smart Baby Monitor
obs_19,obs_amazon echo
obs_20,obs_TPLink Router Bridge LAN (Gateway)
obs_21,obs_TPLink Router Bridge LAN (Gateway)
obs_22,obs_Netatmo weather station
obs_23,obs_TPLink Router Bridge LAN (Gateway)
obs_24,obs_TPLink Router Bridge LAN (Gateway)
obs_25,obs_Samsung SmartCam
obs_26,obs_Samsung SmartCam
obs_27,obs_Samsung SmartCam
obs_28,obs_Samsung SmartCam
obs_29,obs_Samsung SmartCam
obs_30,obs_Samsung SmartCam
obs_31,obs_Samsung SmartCam
obs_32,obs_Samsung SmartCam
obs_33,obs_Samsung SmartCam
obs_34,obs_Samsung SmartCam
obs_35,obs_Samsung SmartCam
obs_36,obs_Samsung SmartCam
obs_37,obs_Samsung SmartCam
obs_38,obs_Samsung SmartCam
obs_39,obs_amazon echo
obs_40,obs_TPLink Router Bridge LAN (Gateway)
obs_41,obs_TPLink Router Bridge LAN (Gateway)
obs_42,obs_Netatmo Welcome
obs_43,obs_TPLink Router Bridge LAN (Gateway)
obs_44,obs_Withings Smart Baby Monitor
obs_45,obs_TPLink Router Bridge LAN (Gateway)
obs_46,obs_TP-Link Day Night Cloud camera
obs_47,obs_TPLink Router Bridge LAN (Gateway)
obs_48,obs_TPLink Router Bridge LAN (Gateway)
obs_49,obs_TPLink Router Bridge LAN (Gateway)
obs_50,obs_Netatmo weather station
obs_51,obs_TPLink Router Bridge LAN (Gateway)
obs_52,obs_TPLink Router Bridge LAN (Gateway)
obs_53,obs_TPLink Router Bridge LAN (Gateway)
obs_54,obs_TP-Link Day Night Cloud camera
obs_55,obs_Belkin wemo motion sensor
obs_56,obs_TPLink Router Bridge LAN (Gateway)
obs_57,obs_HP Printer 
obs_58,obs_TPLink Router Bridge LAN (Gateway)
obs_59,obs_Samsung SmartCam
obs_60,obs_SmartThings
obs_61,obs_TPLink Router Bridge LAN (Gateway)
obs_62,obs_TPLink Router Bridge LAN (Gateway)
obs_63,obs_TPLink Router Bridge LAN (Gateway)
obs_64,obs_TPLink Router Bridge LAN (Gateway)
obs_65,obs_Withings Smart Baby Monitor
obs_66,obs_TPLink Router Bridge LAN (Gateway)
obs_67,obs_TPLink Router Bridge LAN (Gateway)
obs_68,obs_TPLink Router Bridge LAN (Gateway)
obs_69,obs_Samsung Galaxy Tab
obs_70,obs_TPLink Router Bridge LAN (Gateway)
obs_71,obs_TPLink Router Bridge LAN (Gateway)
obs_72,obs_TPLink Router Bridge LAN (Gateway)
obs_73,obs_Samsung Galaxy Tab
obs_74,obs_TPLink Router Bridge LAN (Gateway)
obs_75,obs_TPLink Router Bridge LAN (Gateway)
obs_76,obs_Withings Smart Baby Monitor
obs_77,obs_Netatmo weather station
obs_78,obs_TPLink Router Bridge LAN (Gateway)
obs_79,obs_TPLink Router Bridge LAN (Gateway)
obs_80,obs_TPLink Router Bridge LAN (Gateway)
obs_81,obs_Dropcam
obs_82,obs_TPLink Router Bridge LAN (Gateway)
obs_83,obs_TPLink Router Bridge LAN (Gateway)
obs_84,obs_SmartThings
obs_85,obs_TPLink Router Bridge LAN (Gateway)
obs_86,obs_TPLink Router Bridge LAN (Gateway)
obs_87,obs_Netatmo Welcome
obs_88,obs_TPLink Router Bridge LAN (Gateway)
obs_89,obs_TPLink Router Bridge LAN (Gateway)
obs_90,obs_TPLink Router Bridge LAN (Gateway)
obs_91,obs_TPLink Router Bridge LAN (Gateway)
obs_92,obs_TPLink Router Bridge LAN (Gateway)
obs_93,obs_TPLink Router Bridge LAN (Gateway)
obs_94,obs_TPLink Router Bridge LAN (Gateway)
obs_95,obs_Samsung SmartCam
obs_96,obs_TPLink Router Bridge LAN (Gateway)
obs_97,obs_TPLink Router Bridge LAN (Gateway)
obs_98,obs_Samsung SmartCam
obs_99,obs_TPLink Router Bridge LAN (Gateway)
obs_100,obs_TPLink Router Bridge LAN (Gateway)
